Workbook

Sheet sample_submission
A1: ENA_checklist | B1: tax_id | C1: scientific_name | D1: sample_alias | E1: sample_title | F1: sample_description | G1: expid | H1: project_name | I1: collection_date | J1: geographic_location (country and/or sea) | K1: geographic_location_latitude | L1: geographic_location_longitude | M1: elevation | N1: env_biome | O1: broad-scale environmental context | P1: env_feature | Q1: local environmental context | R1: env_material | S1: environmental_medium
A2: #ERC_code | B2: #units | C2: #select_from_list | D2: #BiosampleID | E2: #BiosampleID | F2: #free_text | G2: #ExpID | H2: #Project_accession | I2: YYYY-MM-DD | K2: DD | L2: DD | M2: m
A3: ERC000025 | B3: {=INDEX(field_data_repository!$B$2:$B$300, MATCH(C3,field_data_repository!$A$2:$A$300 , 0))} -> 433727 | C3: hot springs metagenome | D3: CB_221018_F | E3: =IFERROR(__xludf.DUMMYFUNCTION("JOIN("" - "", F3, R3)"),"Sorgente_di_Chiorba - fluid") -> Sorgente_di_Chiorba - fluid | F3: Sorgente_di_Chiorba | G3: HYD22 | H3: {=INDEX(field_data_repository!$E$2:$E$300, MATCH(G3,field_data_repository!$D$2:$D$300 , 0))} -> PRJEB67767 | I3: 44852 | J3: Italy | K3: 43.152749 | L3: 10.853645 | M3: 614 | N3: terrestrial | O3: {=INDEX(field_data_repository!$H$2:$H$17, MATCH(N3,field_data_repository!$G$2:$G$23 , 0))} -> ENVO_00000446 | P3: hot spring | Q3: {=INDEX(field_data_repository!$K$2:$K$17, MATCH(P3,field_data_repository!$J$2:$J$23 , 0))} -> ENVO_00000051 | R3: fluid | S3: {=INDEX(field_data_repository!$N$2:$N$17, MATCH(R3,field_data_repository!$M$2:$M$23 , 0))} -> ENVO_02000140
B4: {=INDEX(field_data_repository!$B$2:$B$300, MATCH(C4,field_data_repository!$A$2:$A$300 , 0))} -> #N/A | H4: {=INDEX(field_data_repository!$E$2:$E$300, MATCH(G4,field_data_repository!$D$2:$D$300 , 0))} -> #N/A | O4: {=INDEX(field_data_repository!$H$2:$H$17, MATCH(N4,field_data_repository!$G$2:$G$23 , 0))} -> #N/A | P4: hot spring | Q4: {=INDEX(field_data_repository!$K$2:$K$17, MATCH(P4,field_data_repository!$J$2:$J$23 , 0))} -> ENVO_00000051 | S4: {=INDEX(field_data_repository!$N$2:$N$17, MATCH(R4,field_data_repository!$M$2:$M$23 , 0))} -> #N/A
B5: {=INDEX(field_data_repository!$B$2:$B$300, MATCH(C5,field_data_repository!$A$2:$A$300 , 0))} -> #N/A | H5: {=INDEX(field_data_repository!$E$2:$E$300, MATCH(G5,field_data_repository!$D$2:$D$300 , 0))} -> #N/A | O5: {=INDEX(field_data_repository!$H$2:$H$17, MATCH(N5,field_data_repository!$G$2:$G$23 , 0))} -> #N/A | Q5: {=INDEX(field_data_repository!$K$2:$K$17, MATCH(P5,field_data_repository!$J$2:$J$23 , 0))} -> #N/A | S5: {=INDEX(field_data_repository!$N$2:$N$17, MATCH(R5,field_data_repository!$M$2:$M$23 , 0))} -> #N/A
B6: {=INDEX(field_data_repository!$B$2:$B$300, MATCH(C6,field_data_repository!$A$2:$A$300 , 0))} -> #N/A | H6: {=INDEX(field_data_repository!$E$2:$E$300, MATCH(G6,field_data_repository!$D$2:$D$300 , 0))} -> #N/A | O6: {=INDEX(field_data_repository!$H$2:$H$17, MATCH(N6,field_data_repository!$G$2:$G$23 , 0))} -> #N/A | Q6: {=INDEX(field_data_repository!$K$2:$K$17, MATCH(P6,field_data_repository!$J$2:$J$23 , 0))} -> #N/A | S6: {=INDEX(field_data_repository!$N$2:$N$17, MATCH(R6,field_data_repository!$M$2:$M$23 , 0))} -> #N/A
B7: {=INDEX(field_data_repository!$B$2:$B$300, MATCH(C7,field_data_repository!$A$2:$A$300 , 0))} -> #N/A | H7: {=INDEX(field_data_repository!$E$2:$E$300, MATCH(G7,field_data_repository!$D$2:$D$300 , 0))} -> #N/A | O7: {=INDEX(field_data_repository!$H$2:$H$17, MATCH(N7,field_data_repository!$G$2:$G$23 , 0))} -> #N/A | Q7: {=INDEX(field_data_repository!$K$2:$K$17, MATCH(P7,field_data_repository!$J$2:$J$23 , 0))} -> #N/A | S7: {=INDEX(field_data_repository!$N$2:$N$17, MATCH(R7,field_data_repository!$M$2:$M$23 , 0))} -> #N/A
B8: {=INDEX(field_data_repository!$B$2:$B$300, MATCH(C8,field_data_repository!$A$2:$A$300 , 0))} -> #N/A | H8: {=INDEX(field_data_repository!$E$2:$E$300, MATCH(G8,field_data_repository!$D$2:$D$300 , 0))} -> #N/A | O8: {=INDEX(field_data_repository!$H$2:$H$17, MATCH(N8,field_data_repository!$G$2:$G$23 , 0))} -> #N/A | Q8: {=INDEX(field_data_repository!$K$2:$K$17, MATCH(P8,field_data_repository!$J$2:$J$23 , 0))} -> #N/A | S8: {=INDEX(field_data_repository!$N$2:$N$17, MATCH(R8,field_data_repository!$M$2:$M$23 , 0))} -> #N/A
B9: {=INDEX(field_data_repository!$B$2:$B$300, MATCH(C9,field_data_repository!$A$2:$A$300 , 0))} -> #N/A | H9: {=INDEX(field_data_repository!$E$2:$E$300, MATCH(G9,field_data_repository!$D$2:$D$300 , 0))} -> #N/A | O9: {=INDEX(field_data_repository!$H$2:$H$17, MATCH(N9,field_data_repository!$G$2:$G$23 , 0))} -> #N/A | Q9: {=INDEX(field_data_repository!$K$2:$K$17, MATCH(P9,field_data_repository!$J$2:$J$23 , 0))} -> #N/A | S9: {=INDEX(field_data_repository!$N$2:$N$17, MATCH(R9,field_data_repository!$M$2:$M$23 , 0))} -> #N/A
B10: {=INDEX(field_data_repository!$B$2:$B$300, MATCH(C10,field_data_repository!$A$2:$A$300 , 0))} -> #N/A | H10: {=INDEX(field_data_repository!$E$2:$E$300, MATCH(G10,field_data_repository!$D$2:$D$300 , 0))} -> #N/A | O10: {=INDEX(field_data_repository!$H$2:$H$17, MATCH(N10,field_data_repository!$G$2:$G$23 , 0))} -> #N/A | Q10: {=INDEX(field_data_repository!$K$2:$K$17, MATCH(P10,field_data_repository!$J$2:$J$23 , 0))} -> #N/A | S10: {=INDEX(field_data_repository!$N$2:$N$17, MATCH(R10,field_data_repository!$M$2:$M$23 , 0))} -> #N/A
B11: {=INDEX(field_data_repository!$B$2:$B$300, MATCH(C11,field_data_repository!$A$2:$A$300 , 0))} -> #N/A | H11: {=INDEX(field_data_repository!$E$2:$E$300, MATCH(G11,field_data_repository!$D$2:$D$300 , 0))} -> #N/A | O11: {=INDEX(field_data_repository!$H$2:$H$17, MATCH(N11,field_data_repository!$G$2:$G$23 , 0))} -> #N/A | Q11: {=INDEX(field_data_repository!$K$2:$K$17, MATCH(P11,field_data_repository!$J$2:$J$23 , 0))} -> #N/A | S11: {=INDEX(field_data_repository!$N$2:$N$17, MATCH(R11,field_data_repository!$M$2:$M$23 , 0))} -> #N/A
B12: {=INDEX(field_data_repository!$B$2:$B$300, MATCH(C12,field_data_repository!$A$2:$A$300 , 0))} -> #N/A | H12: {=INDEX(field_data_repository!$E$2:$E$300, MATCH(G12,field_data_repository!$D$2:$D$300 , 0))} -> #N/A | O12: {=INDEX(field_data_repository!$H$2:$H$17, MATCH(N12,field_data_repository!$G$2:$G$23 , 0))} -> #N/A | Q12: {=INDEX(field_data_repository!$K$2:$K$17, MATCH(P12,field_data_repository!$J$2:$J$23 , 0))} -> #N/A | S12: {=INDEX(field_data_repository!$N$2:$N$17, MATCH(R12,field_data_repository!$M$2:$M$23 , 0))} -> #N/A
B13: {=INDEX(field_data_repository!$B$2:$B$300, MATCH(C13,field_data_repository!$A$2:$A$300 , 0))} -> #N/A | H13: {=INDEX(field_data_repository!$E$2:$E$300, MATCH(G13,field_data_repository!$D$2:$D$300 , 0))} -> #N/A | O13: {=INDEX(field_data_repository!$H$2:$H$17, MATCH(N13,field_data_repository!$G$2:$G$23 , 0))} -> #N/A | Q13: {=INDEX(field_data_repository!$K$2:$K$17, MATCH(P13,field_data_repository!$J$2:$J$23 , 0))} -> #N/A | S13: {=INDEX(field_data_repository!$N$2:$N$17, MATCH(R13,field_data_repository!$M$2:$M$23 , 0))} -> #N/A
B14: {=INDEX(field_data_repository!$B$2:$B$300, MATCH(C14,field_data_repository!$A$2:$A$300 , 0))} -> #N/A | H14: {=INDEX(field_data_repository!$E$2:$E$300, MATCH(G14,field_data_repository!$D$2:$D$300 , 0))} -> #N/A | O14: {=INDEX(field_data_repository!$H$2:$H$17, MATCH(N14,field_data_repository!$G$2:$G$23 , 0))} -> #N/A | Q14: {=INDEX(field_data_repository!$K$2:$K$17, MATCH(P14,field_data_repository!$J$2:$J$23 , 0))} -> #N/A | S14: {=INDEX(field_data_repository!$N$2:$N$17, MATCH(R14,field_data_repository!$M$2:$M$23 , 0))} -> #N/A
B15: {=INDEX(field_data_repository!$B$2:$B$300, MATCH(C15,field_data_repository!$A$2:$A$300 , 0))} -> #N/A | H15: {=INDEX(field_data_repository!$E$2:$E$300, MATCH(G15,field_data_repository!$D$2:$D$300 , 0))} -> #N/A | O15: {=INDEX(field_data_repository!$H$2:$H$17, MATCH(N15,field_data_repository!$G$2:$G$23 , 0))} -> #N/A | Q15: {=INDEX(field_data_repository!$K$2:$K$17, MATCH(P15,field_data_repository!$J$2:$J$23 , 0))} -> #N/A | S15: {=INDEX(field_data_repository!$N$2:$N$17, MATCH(R15,field_data_repository!$M$2:$M$23 , 0))} -> #N/A
B16: {=INDEX(field_data_repository!$B$2:$B$300, MATCH(C16,field_data_repository!$A$2:$A$300 , 0))} -> #N/A | H16: {=INDEX(field_data_repository!$E$2:$E$300, MATCH(G16,field_data_repository!$D$2:$D$300 , 0))} -> #N/A | O16: {=INDEX(field_data_repository!$H$2:$H$17, MATCH(N16,field_data_repository!$G$2:$G$23 , 0))} -> #N/A | Q16: {=INDEX(field_data_repository!$K$2:$K$17, MATCH(P16,field_data_repository!$J$2:$J$23 , 0))} -> #N/A | S16: {=INDEX(field_data_repository!$N$2:$N$17, MATCH(R16,field_data_repository!$M$2:$M$23 , 0))} -> #N/A
... B683: {=INDEX(field_data_repository!$B$2:$B$300, MATCH(C683,field_data_repository!$A$2:$A$300 , 0))} -> #N/A | H683: {=INDEX(field_data_repository!$E$2:$E$300, MATCH(G683,field_data_repository!$D$2:$D$300 , 0))} -> #N/A | O683: {=INDEX(field_data_repository!$H$2:$H$17, MATCH(N683,field_data_repository!$G$2:$G$23 , 0))} -> #N/A | Q683: {=INDEX(field_data_repository!$K$2:$K$17, MATCH(P683,field_data_repository!$J$2:$J$23 , 0))} -> #N/A | S683: {=INDEX(field_data_repository!$N$2:$N$17, MATCH(R683,field_data_repository!$M$2:$M$23 , 0))} -> #N/A

Sheet 16S_submission
A1: expID | B1: study_accession | C1: sample_alias | D1: sample_id_paper | E1: sample_accession | F1: experiment_alias | G1: experiment_accession | H1: run_alias | I1: run_accession | J1: forward_file | K1: reverse_file | L1: forward_checksum | M1: reverse_checksum | N1: sequencing_platform | O1: sequencing_instrument | P1: library_source | Q1: library_selection | R1: library_strategy | S1: library_description | T1: insert_size

Sheet WGS_submission
A1: expID | B1: study_accession | C1: sample_alias | D1: sample_id_paper | E1: sample_accession | F1: experiment_alias | G1: experiment_accession | H1: run_alias | I1: run_accession | J1: forward_file | K1: reverse_file | L1: forward_checksum | M1: reverse_checksum | N1: sequencing_platform | O1: sequencing_instrument | P1: library_source | Q1: library_selection | R1: library_strategy | S1: library_description | T1: insert_size

Sheet field_data_repository
A1: Env Scientific name | D1: ExpID | E1: ena_project | G1: Broad scale | J1: Local scale | M1: medium | P1: ena_cheklist
A2: biofilm metagenome | B2: 718308 | D2: AEO17 | E2: PRJEB67752 | G2: ocean | H2: ENVO_00000015 | J2: hot spring | K2: ENVO_00000051 | M2: biofilm | N2: ENVO_01000156 | P2: #ERC000##
A3: aquatic metagenome | B3: 1169740 | D3: AEO22 | E3: PRJEB67753 | G3: subduction | H3: ENVO_01001102 | J3: seep | K3: ENVO_01000262 | M3: fluid | N3: ENVO_02000140 | P3: ERC000025
A4: hydrothermal vent metagenome | B4: 652676 | D4: ANT10 | E4: PRJEB67754 | G4: tectonic | H4: ENVO_01001097 | J4: hydrothermal vent | K4: ENVO_00000215 | M4: sediment | N4: ENVO_00002007
A5: hot springs metagenome | B5: 433727 | D5: ARG19 | E5: PRJEB67755 | G5: terrestrial | H5: ENVO_00000446 | J5: permafrost | K5: ENVO_00000134 | M5: soil | N5: ENVO_00001998
A6: halite metagenome | B6: 1319833 | D6: ARG23 | E6: PRJEB67756 | G6: marine | H6: ENVO_00000447 | J6: core | K6: ENVO_01000641 | M6: rock | N6: ENVO_00001995
A7: marine metagenome | B7: 408172 | D7: CHL20 | E7: PRJEB67758 | G7: volcano | H7: ENVO_00000247 | J7: marine sediment | K7: ENVO_03000033
A8: microbial mat metagenome | B8: 527640 | D8: CHL22 | E8: PRJEB67757 | J8: seawater | K8: ENVO_00002149
A9: mine drainage metagenome | B9: 410659 | D9: CRI19 | E9: PRJEB67759 | J9: rock | K9: ENVO_00001995
A10: sediment metagenome | B10: 749907 | D10: CRI22 | E10: PRJEB67760 | J10: soil | K10: ENVO_00001998
A11: seawater metagenome | B11: 1561972 | D11: DIVE22 | E11: PRJEB67761 | J11: fumarole | K11: ENVO_00000216
A12: soil metagenome | B12: 410658 | D12: FMP20 | E12: PRJEB67762 | J12: mud volcano | K12: ENVO_00000402
A13: subsurface metagenome | B13: 1564682 | D13: FNX21 | E13: PRJEB67763
A14: terrestrial metagenome | B14: 1348798 | D14: FNX22 | E14: PRJEB67764
A15: volcano metagenome | B15: 1816089 | D15: FNX23 | E15: PRJEB67765
A16: Winogradsky column metagenome | B16: 2773312 | D16: GRL22 | E16: PRJEB67766
A17: permafrost metagenome | B17: 1082480 | D17: HYD22 | E17: PRJEB67767
A18: mud metagenome | B18: 2047713 | D18: IODP374 | E18: PRJEB67768
A19: metagenomes | B19: 256318 | D19: ISL21 | E19: PRJEB67769
D20: ISL23 | E20: PRJEB67770
D21: IYP22 | E21: PRJEB67771
D22: MNG23 | E22: PRJEB67772
D23: SVA22 | E23: PRJEB67773 | G23: instrument (https://ena-docs.readthedocs.io/en/latest/submit/reads/webin-cli.html) | J23: library selection | M23: llibnrary source | O23: library strategy
D24: CRI24 | G24: Illumina NovaSeq 6000 | J24: RANDOM | M24: GENOMIC | O24: WGS
D25: EPR22 | G25: Illumina NovaSeq 6000 | J25: PCR | M25: METAGENOMIC | O25: AMPLICON
D26: EPR24 | G26: Illumina HiSeq 2000
D27: CN5 | E27: PRJEB87249 | G27: MinION
D28: DIVE23 | G28: NextSeq 2000
D29: AE024 | E29: PRJEB87250
D30: HEO22 | E30: PRJEB87699
D31: JPN23 | E31: PRJEB89065 | M31: Platform
D32: MILOS | E32: PRJEB88540 | M32: ILLUMINA
D33: ANT23 | E33: PRJEB89224 | M33: OXFORD_NANOPORE
D34: ANT23_F | E34: PRJEB89659
D35: PER22 | E35: PRJEB89699
D36: NMX24 | E36: PRJEB89923
D37: MIRRI25 | E37: PRJEB100786
